{"cameraMode":{"drawMode":0,"name":"Shaded","section":"Shading Mode"},"sceneLighting":true,"audioPlay":false,"sceneViewState":{"m_AlwaysRefresh":false,"showFog":true,"showSkybox":true,"showFlares":true,"showImageEffects":true,"showParticleSystems":true,"showVisualEffectGraphs":true,"m_FxEnabled":true},"in2DMode":false,"pivot":{"x":75.86030578613281,"y":3.013360023498535,"z":1.8853940963745118},"rotation":{"x":-0.07554267346858978,"y":0.28849494457244875,"z":-0.022834572941064836,"w":-0.9542325139045715},"size":3.5069053173065187,"orthographic":false}